identifier,name,board,grade,subject,medium,category,mime_type,created_on,last_updated_on,play_sessions,time_spent_sec,avg_rating,ratings_count
do_31302013096492236814, चित्रकला,State (Maharashtra),Class 5|Class 7|Class 6|Class 9|Class 4|Class 8|Class 2|Class 3|Class 10,Co-Curricular,Marathi,Digital Textbook,application/vnd.ekstep.content-collection,2020-05-13T12:04:15.682+0000,2023-04-12T12:55:47.237+0000,,,4.61,98
do_31330256735464652815070, विज्ञान इयत्ता ६ वी ते ८ वी विशेष गरजाधिष्ठीत विद्यार्थ्यांसाठी,State (Maharashtra),Class 7|Class 6|Class 8,Science,Marathi,Digital Textbook,application/vnd.ekstep.content-collection,2021-06-16T13:02:34.037+0000,2023-03-28T17:39:55.227+0000,,,,
do_312612067813818368147,1.1 Concept - Sounds of letters,State (Maharashtra),Class 1|Class 2|Class 3|Class 4|Class 5|Class 6|Class 7|Class 8|Class 9|Class 10,English,Marathi,Teacher Resource,application/pdf,2018-10-14T23:17:39.304+0000,2023-03-17T09:02:22.550+0000,321429,34387423,3.68,2149
do_3130192567015342081413,1.1. आपल्या नायकाला सोयीनुसार फिरवा,State (Maharashtra),Class 5|Class 7|Class 6|Class 9|Class 8|Class 10,Co-Curricular,Marathi,Explanation Content,video/x-youtube,2020-05-12T06:25:34.075+0000,2023-03-17T03:45:22.904+0000,10397,1916902,4.12,140
do_3126132210160271362631,1.2 Video - Sounds of Letters,State (Maharashtra),Class 1|Class 2|Class 3|Class 4|Class 5|Class 6|Class 7|Class 8|Class 9|Class 10,English,Marathi,Teacher Resource,application/vnd.ekstep.ecml-archive,2018-10-16T14:43:22.143+0000,2023-03-19T05:07:23.533+0000,126133,20321162,3.79,873
do_31261834337514291221597,1.3 HD YouTube Video,State (Maharashtra),Class 1|Class 2|Class 3|Class 4|Class 5|Class 6|Class 7|Class 8|Class 9|Class 10,English,Marathi,Explanation Content,video/x-youtube,2018-10-23T20:05:19.035+0000,2023-03-17T03:19:56.150+0000,295844,46193926,3.75,2308
do_31261834648146739211413,1.3. HD YouTube Video,State (Maharashtra),Class 1|Class 2|Class 3|Class 4|Class 5|Class 6|Class 7|Class 8|Class 9|Class 10,English,Marathi,Explanation Content,video/x-youtube,2018-10-23T20:11:38.226+0000,2023-03-17T03:19:59.137+0000,83396,11632662,3.87,698
do_313020264602607616151,10. संपूर्ण वस्तूचित्राचे रंगकाम  (Drawing Class),State (Maharashtra),Class 5|Class 11|Class 7|Class 6|Class 9|Class 4|Class 3|Class 8|Class 10|Class 2|Class 1,Co-Curricular,Marathi,Explanation Content,video/x-youtube,2020-05-13T16:36:08.874+0000,2023-03-17T03:45:43.943+0000,29682,6016558,4.22,307
do_312612101507710976250,10.1 Concept Explanation - Words Containing Sh | Ch | Th | Wh,State (Maharashtra),Class 1|Class 2|Class 3|Class 4|Class 5|Class 6|Class 7|Class 8|Class 9|Class 10,English,Marathi,Teacher Resource,application/pdf,2018-10-23T08:40:48.137+0000,2023-03-17T03:19:50.958+0000,6055,1312623,4.1,115
do_312611120504102912113197,"10.2 Video Words Containing ""Sh"",""Th"",""Ch""",State (Maharashtra),Class 1|Class 2|Class 3|Class 4|Class 5|Class 6|Class 7|Class 8|Class 9|Class 10,English,Marathi,Teacher Resource,application/vnd.ekstep.ecml-archive,2018-10-13T15:10:20.912+0000,2023-03-19T05:06:23.453+0000,2621,454827,4.57,44
do_31261801057422540811231,10.3 HD YouTube Video,State (Maharashtra),Class 1|Class 2|Class 3|Class 4|Class 5|Class 6|Class 7|Class 8|Class 9|Class 10,English,Marathi,Explanation Content,video/x-youtube,2018-10-23T08:48:13.924+0000,2023-03-17T09:02:18.261+0000,16967,3459229,4.22,217
do_312611147093745664113204,11. Video  Words containing letters with same sound.,State (Maharashtra),Class 1|Class 2|Class 3|Class 4|Class 5|Class 6|Class 7|Class 8|Class 9|Class 10,English,Marathi,Teacher Resource,application/vnd.ekstep.ecml-archive,2018-10-13T16:04:26.718+0000,2023-03-19T05:06:55.575+0000,1412,109300,4,5
do_3130249376402063361215,11. संकल्प चित्र । पूर्वतयारी,State (Maharashtra),Class 5|Class 11|Class 7|Class 6|Class 9|Class 4|Class 3|Class 8|Class 10|Class 2|Class 1,Co-Curricular,Marathi,Explanation Content,video/x-youtube,2020-05-20T07:03:28.034+0000,2023-03-17T09:18:11.563+0000,30065,4112189,3.82,276
do_312612103805501440251,"11.1 Concept Explanation - Words containing Br, Cl , St etc.",State (Maharashtra),Class 1|Class 2|Class 3|Class 4|Class 5|Class 6|Class 7|Class 8|Class 9|Class 10,English,Marathi,Teacher Resource,application/pdf,2018-10-16T23:15:36.231+0000,2023-03-17T03:19:53.523+0000,3891,1168153,4.36,28
do_312611131146117120212968,11.2  Video Words containing Br / St / Cl etc,State (Maharashtra),Class 1|Class 2|Class 3|Class 4|Class 5|Class 6|Class 7|Class 8|Class 9|Class 10,English,Marathi,Teacher Resource,application/vnd.ekstep.ecml-archive,2018-10-13T15:31:59.986+0000,2023-03-19T05:09:07.859+0000,2182,333601,4.44,27
do_31261801617632460821403,11.3 HD YouTube Video,State (Maharashtra),Class 1|Class 2|Class 3|Class 4|Class 5|Class 6|Class 7|Class 8|Class 9|Class 10,English,Marathi,Explanation Content,video/x-youtube,2018-10-23T08:59:37.774+0000,2023-03-17T09:02:27.799+0000,13197,2570127,4.25,159
do_313020762282934272194,12. अलंकारिक व भौमितिक आकार (Drawing Class),State (Maharashtra),Class 5|Class 11|Class 7|Class 6|Class 9|Class 4|Class 3|Class 8|Class 10|Class 2|Class 1,Co-Curricular,Marathi,Explanation Content,video/x-youtube,2020-05-14T09:28:40.867+0000,2023-03-17T09:18:11.045+0000,14380,2302278,4.16,135
do_3130384856336056321204,12. लंब रेषेची ओळख,State (Maharashtra),Class 6,Mathematics,Marathi,Explanation Content,video/x-youtube,2020-06-08T10:26:55.828+0000,2023-03-17T03:59:05.550+0000,354,39106,5,9
do_312612107561656320152,12.1 Concept - Words containing letters with same sound.,State (Maharashtra),Class 1|Class 2|Class 3|Class 4|Class 5|Class 6|Class 7|Class 8|Class 9|Class 10,English,Marathi,Teacher Resource,application/pdf,2018-10-16T12:24:50.013+0000,2023-03-17T03:19:52.460+0000,3391,448357,4.18,39
do_31261813800223539211378,12.3 HD YouTube Video,State (Maharashtra),Class 1|Class 2|Class 3|Class 4|Class 5|Class 6|Class 7|Class 8|Class 9|Class 10,English,Marathi,Explanation Content,video/x-youtube,2018-10-23T13:07:29.101+0000,2023-03-17T03:19:53.897+0000,17173,2243183,4.18,132
