indicatorId,geoUnit,year,value,magnitude,qualifier
CR.1,BGD,2000,59.58,,
CR.1,BGD,2004,64.14999999999999,,
CR.1,BGD,2006,72.71964263916016,,
CR.1,BGD,2007,67.33,,
CR.1,BGD,2011,74.78202819824219,,
CR.1,BGD,2013,72.23,,
CR.1,BGD,2014,80.01213073730469,,
CR.1,BGD,2019,82.60852813720703,,
CR.1,BGD,2022,88.40389251708984,,
CR.1,IND,2005,76.53,,
CR.1,IND,2006,78.45651245117188,,
CR.1,IND,2011,88.35,,
CR.1,IND,2016,91.59638214111328,,
CR.1,IND,2019,94.15231323242188,,
CR.1,PAK,2007,55.18704986572266,,
CR.1,PAK,2012,60.90288925170898,,
CR.1,PAK,2018,59.66225814819336,,
CR.1,PAK,2021,60.06523132324219,,
CR.2,BGD,2000,38.46,,
CR.2,BGD,2004,39.38,,
CR.2,BGD,2006,48.04080963134766,,
CR.2,BGD,2007,41.76000000000001,,
CR.2,BGD,2011,50.63494110107422,,
CR.2,BGD,2013,54.40000000000001,,
CR.2,BGD,2014,54.9339485168457,,
CR.2,BGD,2019,64.75244903564453,,
CR.2,BGD,2022,71.10780334472656,,
CR.2,IND,2005,58.24,,
CR.2,IND,2006,59.09540939331055,,
CR.2,IND,2011,76.13,,
CR.2,IND,2016,81.00148010253906,,
CR.2,IND,2019,85.7591781616211,,
CR.2,PAK,2007,41.35617828369141,,
CR.2,PAK,2012,45.56642150878906,,
CR.2,PAK,2018,49.5914192199707,,
CR.2,PAK,2021,53.76699066162109,,
ROFST.1.CP,BGD,1970,51.07469940185547,,
ROFST.1.CP,BGD,1973,30.83869934082031,,
ROFST.1.CP,BGD,1976,25.81719017028809,,
ROFST.1.CP,BGD,1977,31.1807804107666,,
ROFST.1.CP,BGD,1978,33.08417892456055,,
ROFST.1.CP,BGD,1981,39.22602844238281,,
ROFST.1.CP,BGD,1983,42.04261016845703,,
ROFST.1.CP,BGD,1984,42.69779968261719,,
ROFST.1.CP,BGD,1985,43.80204010009766,,
ROFST.1.CP,BGD,1986,44.19918823242188,,
ROFST.1.CP,BGD,1987,44.76028060913086,,
ROFST.1.CP,BGD,1988,34.97423934936523,,
ROFST.1.CP,BGD,1989,35.12295913696289,,
ROFST.1.CP,BGD,1990,32.57107925415039,,
ROFST.1.CP,BGD,2005,6.825409889221191,,
ROFST.1.CP,BGD,2006,7.542500019073486,,UIS_EST
ROFST.1.CP,BGD,2008,13.08899974822998,,NAT_EST
ROFST.1.CP,BGD,2009,12.92776012420654,,NAT_EST
ROFST.1.CP,BGD,2010,9.753569602966309,,UIS_EST
ROFST.1.CP,BGD,2017,3.278276696283861,,
ROFST.1.CP,BGD,2018,3.357929550551601,,
ROFST.1.CP,BGD,2022,7.286242459914058,,
ROFST.1.CP,BGD,2023,6.88461537116503,,
ROFST.1.CP,BGD,2024,5.862195985923427,,
ROFST.1.CP,IND,1971,39.06924057006836,,
ROFST.1.CP,IND,1990,23.38579940795898,,
ROFST.1.CP,IND,2000,12.10855007171631,,UIS_EST
ROFST.1.CP,IND,2001,13.72072982788086,,UIS_EST
ROFST.1.CP,IND,2002,13.99061965942383,,UIS_EST
ROFST.1.CP,IND,2003,8.968629837036133,,UIS_EST
ROFST.1.CP,IND,2007,0.8920999765396118,,UIS_EST
ROFST.1.CP,IND,2008,0.419730007648468,,UIS_EST
ROFST.1.CP,IND,2009,1.809550046920776,,
ROFST.1.CP,IND,2010,1.133260011672974,,
ROFST.1.CP,IND,2011,2.731120109558105,,
ROFST.1.CP,IND,2012,0.6945099830627441,,UIS_EST
ROFST.1.CP,IND,2013,0.4312900006771088,,UIS_EST
ROFST.1.CP,IND,2016,4.106806475551278,,
ROFST.1.CP,IND,2017,6.03077755187412,,
ROFST.1.CP,IND,2018,6.378508526655279,,
ROFST.1.CP,IND,2019,7.372874259089538,,
ROFST.1.CP,IND,2020,4.055847428596003,,
ROFST.1.CP,IND,2021,2.312761815210539,,
ROFST.1.CP,IND,2022,0.1527990447752149,,
ROFST.1.CP,IND,2023,1.46968703818843,,
ROFST.1.CP,IND,2024,0.1043026945605767,,
ROFST.1.CP,IND,2025,0.1188252890354488,,
ROFST.1.CP,PAK,2021,30.22688076182362,,
ROFST.1.CP,PAK,2022,28.5492493900068,,
ROFST.1.CP,PAK,2023,27.73860353477132,,
ROFST.1.CP,PAK,2024,17.93218326635551,,
