country,iso3,indicator,year,value
Bangladesh,BGD,SE.PRM.CMPT.ZS,2024,94.3021681436472
Bangladesh,BGD,SE.PRM.CMPT.ZS,2023,98.0281882152568
Bangladesh,BGD,SE.PRM.CMPT.ZS,2022,96.6163713445783
Bangladesh,BGD,SE.PRM.CMPT.ZS,2021,109.869193724542
Bangladesh,BGD,SE.PRM.CMPT.ZS,2010,60.9081624899997
Bangladesh,BGD,SE.PRM.CMPT.ZS,2009,60.2132186889648
Bangladesh,BGD,SE.PRM.CMPT.ZS,2008,55.0913696289062
Bangladesh,BGD,SE.PRM.CMPT.ZS,2005,64.2816696166992
Bangladesh,BGD,SE.PRM.CMPT.ZS,1989,43.2526016235352
Bangladesh,BGD,SE.PRM.CMPT.ZS,1981,26.6342601776123
Bangladesh,BGD,SE.PRM.CMPT.ZS,1977,30.6567192077637
Bangladesh,BGD,SE.PRM.CMPT.ZS,1976,41.9303894042969
India,IND,SE.PRM.CMPT.ZS,2025,90.2563989745259
India,IND,SE.PRM.CMPT.ZS,2024,94.4876304742988
India,IND,SE.PRM.CMPT.ZS,2023,93.4889604461665
India,IND,SE.PRM.CMPT.ZS,2021,99.085491664945
India,IND,SE.PRM.CMPT.ZS,2020,98.1474685668945
India,IND,SE.PRM.CMPT.ZS,2019,96.2056732177734
India,IND,SE.PRM.CMPT.ZS,2017,98.5887118701809
India,IND,SE.PRM.CMPT.ZS,2016,99.3136774343373
India,IND,SE.PRM.CMPT.ZS,2015,99.9040031261847
India,IND,SE.PRM.CMPT.ZS,2014,99.0281030972801
India,IND,SE.PRM.CMPT.ZS,2013,96.9724810288294
India,IND,SE.PRM.CMPT.ZS,2011,95.8912340766036
India,IND,SE.PRM.CMPT.ZS,2009,98.8512878417969
India,IND,SE.PRM.CMPT.ZS,2008,97.7276763916016
India,IND,SE.PRM.CMPT.ZS,2003,82.5344009399414
India,IND,SE.PRM.CMPT.ZS,2002,77.9369201660156
India,IND,SE.PRM.CMPT.ZS,2001,74.7691879272461
India,IND,SE.PRM.CMPT.ZS,2000,75.279411315918
India,IND,SE.PRM.CMPT.ZS,1999,68.1259231567383
India,IND,SE.PRM.CMPT.ZS,1995,70.7761611938477
India,IND,SE.PRM.CMPT.ZS,1988,63.8644981384277
India,IND,SE.PRM.CMPT.ZS,1987,62.0545501708984
India,IND,SE.PRM.CMPT.ZS,1974,41.4041900634766
India,IND,SE.PRM.CMPT.ZS,1971,39.2732810974121
Pakistan,PAK,SE.PRM.CMPT.ZS,2024,74.135301829596
Pakistan,PAK,SE.PRM.CMPT.ZS,2023,68.6482822316824
Pakistan,PAK,SE.PRM.CMPT.ZS,2022,64.9530748264356
Pakistan,PAK,SE.PRM.CMPT.ZS,2021,64.4204428597325
Pakistan,PAK,SE.PRM.CMPT.ZS,2019,59.5524576126049
Pakistan,PAK,SE.PRM.CMPT.ZS,2018,58.712881698755
Pakistan,PAK,SE.PRM.CMPT.ZS,2016,55.7920581061717
Pakistan,PAK,SE.PRM.CMPT.ZS,2014,56.9413313378078
Pakistan,PAK,SE.PRM.CMPT.ZS,2013,55.3414773997135
Pakistan,PAK,SE.PRM.CMPT.ZS,2012,55.1347516129538
Pakistan,PAK,SE.PRM.CMPT.ZS,2011,52.2060294201021
Pakistan,PAK,SE.PRM.CMPT.ZS,2010,53.5073690641159
Pakistan,PAK,SE.PRM.CMPT.ZS,2009,51.6724586486816
Pakistan,PAK,SE.PRM.CMPT.ZS,2008,52.1776504516602
Pakistan,PAK,SE.PRM.CMPT.ZS,2007,52.5330009460449
Pakistan,PAK,SE.PRM.CMPT.ZS,2006,52.4467010498047
Pakistan,PAK,SE.PRM.CMPT.ZS,2005,53.4383316040039
