channel,video_id,title,published,views,rating_count,snapshot_at
khan_hindi,sRhtHuCLRHw,Bayes theorem - solving an equation [Hinglish] | Probability | Grade 12 | Math | Khan Academy,2025-06-24T09:30:24+00:00,5996,59,2026-09-29T20:59:34
khan_hindi,Msm1Zs41f58,Bayes theorem - proving independence [Hinglish] | Probability | Grade 12 | Math | Khan Academy,2025-06-24T09:30:09+00:00,1234,18,2026-09-29T20:59:34
khan_hindi,muglK0Gqjbs,Bayes theorem - tree diagrams and notations [Hinglish]| Probability | Grade 12 | Math | Khan Academy,2025-06-23T09:30:27+00:00,1210,13,2026-09-29T20:59:34
khan_hindi,rhS4Rm2ejJM,Proving Bayes theorem [Hinglish] | Probability | Grade 12 | Math | Khan Academy,2025-06-23T09:30:23+00:00,630,11,2026-09-29T20:59:34
khan_hindi,RxGn8QuYZoQ,Conceptual problems in Probability [Hinglish] | Probability | Grade 12 | Math | Khan Academy,2025-06-23T09:30:15+00:00,481,7,2026-09-29T20:59:34
khan_hindi,XhajwVYbuJQ,Finding probability in other scenarios [Hinglish] | Probability | Grade 12 | Math | Khan Academy,2025-06-22T09:30:31+00:00,447,8,2026-09-29T20:59:34
khan_hindi,xHG9oWw6yP8,Probabilities in an infinite game [Hinglish] | Probability | Grade 12 | Math | Khan Academy,2025-06-22T09:30:28+00:00,519,5,2026-09-29T20:59:34
khan_hindi,9YPiK-km-dA,Probability of positive determinant [Hinglish] | Probability | Grade 12 | Math | Khan Academy,2025-06-22T09:30:05+00:00,305,4,2026-09-29T20:59:34
khan_hindi,qKuWLiPEAqw,Probability of the transferred ball [Hinglish] | Probability | Grade 12 | Math | Khan Academy,2025-06-21T09:30:27+00:00,643,11,2026-09-29T20:59:34
khan_hindi,ddkjkH4jATg,"Using Bayes theorem for Dice, coins, and cards[Hinglish]| Probability| Grade 12| Math | Khan Academy",2025-06-21T09:30:19+00:00,648,14,2026-09-29T20:59:34
khan_hindi,NE6di3h-79Y,Bayes theorem for more than 2 branches [Hinglish]| Probability | Grade 12 | Math | Khan Academy,2025-06-21T09:30:13+00:00,299,2,2026-09-29T20:59:34
khan_hindi,jLYj24J_P7I,Probability of telling the truth [Hinglish] | Probability | Grade 12 | Math | Khan Academy,2025-06-20T09:30:34+00:00,310,2,2026-09-29T20:59:34
khan_hindi,IIZoS36959w,Probability of manufacturing defected items [Hinglish]| Probability | Grade 12 | Math | Khan Academy,2025-06-20T09:30:11+00:00,264,0,2026-09-29T20:59:34
khan_hindi,746_hXY-ZTY,Finding probability using binomial theorem [Hinglish] | Probability | Grade 12 | Math | Khan Academy,2025-06-20T09:30:08+00:00,184,1,2026-09-29T20:59:34
khan_hindi,iQFYuI-IXMA,Independent events (other scenarios) [Hinglish]| Probability | Grade 12 | Math | Khan Academy,2025-06-19T09:30:23+00:00,256,10,2026-09-29T20:59:34
khan_india_english,t3ZtKGcVrDs,Overview of neuron structure (types of neurons) | Grade 11 | biology | Khan Academy (IN accent),2026-09-29T09:30:38+00:00,156,1,2026-09-29T20:59:35
khan_india_english,MVBgnfpJqx8,Structure of the nervous system | Grade 11 | biology | NCERT | Khan Academy (IN accent),2026-09-29T08:30:25+00:00,213,1,2026-09-29T20:59:35
khan_india_english,oUDLkWtrIi4,"Ligaments, tendons, and joints | Grade 11 | biology | NCERT | Khan Academy (IN accent)",2026-09-29T07:30:31+00:00,180,0,2026-09-29T20:59:35
khan_india_english,e1fpfq0fI1A,Skeletal structure and function | Grade 11 | biology | NCERT | Khan Academy (IN accent),2026-09-29T06:30:29+00:00,204,1,2026-09-29T20:59:35
khan_india_english,fBjcr-Iormk,Myosin and actin | Grade 11 | biology | NCERT | Khan Academy (IN accent),2026-09-29T05:30:33+00:00,183,0,2026-09-29T20:59:35
khan_india_english,V52FSFQvxgY,Anatomy of a skeletal muscle fiber | Grade 11 | biology | NCERT | Khan Academy (IN accent),2026-09-29T04:30:34+00:00,168,0,2026-09-29T20:59:35
khan_india_english,pxsoHcTEb_o,Urination | Grade 11 | biology | NCERT | Khan Academy (IN accent),2026-09-29T03:30:39+00:00,206,1,2026-09-29T20:59:35
khan_india_english,yV0t9Fgud1Y,Countercurrent multiplication in the kidney | Grade 11 | biology | NCERT | Khan Academy (IN accent),2026-09-29T02:30:24+00:00,213,0,2026-09-29T20:59:35
khan_india_english,_fzcWROOajM,Glomerular filtration in the nephron | Grade 11 | biology | NCERT | Khan Academy (IN accent),2026-09-29T01:30:23+00:00,188,0,2026-09-29T20:59:35
khan_india_english,SWaljiGUv6A,Why we need a lymphatic system | Grade 11 | biology | NCERT | Khan Academy (IN accent),2026-09-29T00:30:05+00:00,198,0,2026-09-29T20:59:35
khan_india_english,h5I2WfEdLu0,Lub dub | Grade 11 | biology | NCERT | Khan Academy (IN accent),2026-09-28T23:30:00+00:00,822,0,2026-09-29T20:59:35
khan_india_english,PX-twoR6c28,How do we make blood clots? | Grade 11 | biology | NCERT | Khan Academy (IN accent),2026-09-28T22:30:39+00:00,413,0,2026-09-29T20:59:35
khan_india_english,vaHvO6VEmBQ,Life and times of RBCs and platelets | Grade 11 | biology | NCERT | Khan Academy (IN accent),2026-09-28T21:30:24+00:00,984,2,2026-09-29T20:59:35
khan_india_english,64k9i4LCIcE,Hemoglobin | Grade 11 | biology | NCERT | Khan Academy (IN accent),2026-09-28T20:30:15+00:00,180,1,2026-09-29T20:59:35
khan_india_english,y4fiKge01qc,Inhaling and exhaling | Grade 11 | biology | NCERT | Khan Academy (IN accent),2026-09-28T18:30:06+00:00,278,3,2026-09-29T20:59:35
